a,all,also,an,and,any,are,as,at,be,been,but,by,can,do,down,even,every,for,from,had,has,have,her,his,if,in,into,is,it,its,may,more,must,my,no,not,now,of,on,one,only,or,our,shall,should,so,some,such,than,that,the,their,then,there,thing,this,to,up,upon,was,were,what,when,which,who,will,with,would,your,Essay,Author,Publication,Date,total_word_count
35,3,2.0,3,37,7.0,8,16,7,46,16.0,6,22,10.0,0.0,0.0,3.0,5.0,13,12,2.0,3.0,19,0.0,3.0,5.0,33,1.0,19,32,6.0,7.0,7.0,9.0,0.0,4.0,14,0.0,99,19.0,4,6.0,7,2.0,2.0,4.0,5,3.0,1.0,0.0,30,184,9,1.0,0.0,0.0,15,71,0.0,0.0,11.0,10.0,2.0,3.0,21,0.0,10,11,8,0.0,Essay 52,Unknown,New York Packet,1788-02-08,1841.0
24,5,0.0,8,46,3.0,7,15,5,18,17.0,5,14,5.0,0.0,0.0,4.0,0.0,11,5,3.0,12.0,21,0.0,5.0,4.0,36,1.0,18,20,3.0,3.0,3.0,3.0,0.0,3.0,15,1.0,108,3.0,3,5.0,5,1.0,7.0,1.0,7,1.0,2.0,5.0,16,181,5,1.0,3.0,0.0,12,83,1.0,6.0,1.0,0.0,0.0,0.0,26,6.0,3,12,5,0.0,Essay 67,Hamilton,New York Packet,1788-03-11,1637.0
35,10,1.0,9,38,7.0,15,36,2,40,4.0,8,26,0.0,0.0,1.0,1.0,1.0,10,13,3.0,2.0,16,0.0,9.0,5.0,65,5.0,35,27,2.0,10.0,6.0,2.0,0.0,8.0,18,0.0,115,19.0,7,3.0,9,4.0,2.0,4.0,1,7.0,3.0,4.0,28,202,12,1.0,1.0,0.0,21,60,0.0,2.0,1.0,6.0,2.0,5.0,25,6.0,15,12,6,0.0,Essay 54,Unknown,New York Packet,1788-02-12,1994.0
64,3,0.0,10,49,6.0,8,18,4,40,11.0,2,22,12.0,2.0,0.0,2.0,3.0,5,16,1.0,9.0,9,1.0,2.0,11.0,48,0.0,27,17,12.0,11.0,3.0,4.0,0.0,12.0,11,3.0,149,6.0,1,2.0,21,1.0,5.0,5.0,7,3.0,3.0,4.0,24,182,8,0.0,8.0,0.0,17,54,0.0,6.0,1.0,2.0,2.0,2.0,20,5.0,6,15,12,0.0,Essay 21,Hamilton,Independent Journal,,1992.0
51,14,1.0,9,47,5.0,7,21,5,52,14.0,7,22,8.0,1.0,0.0,2.0,8.0,13,10,2.0,11.0,18,0.0,1.0,6.0,58,2.0,17,24,7.0,10.0,13.0,3.0,1.0,5.0,17,1.0,115,18.0,5,5.0,11,0.0,3.0,2.0,1,4.0,4.0,5.0,33,211,13,0.0,2.0,0.0,14,60,0.0,0.0,1.0,2.0,0.0,2.0,27,5.0,37,13,12,0.0,Essay 58,Madison,Unknown,,2083.0
45,7,0.0,13,65,8.0,15,22,4,45,5.0,12,10,6.0,1.0,2.0,2.0,5.0,11,8,2.0,3.0,9,1.0,10.0,7.0,47,5.0,41,26,3.0,8.0,9.0,1.0,0.0,6.0,19,1.0,128,8.0,5,2.0,12,3.0,4.0,10.0,7,1.0,3.0,8.0,37,186,19,0.0,5.0,1.0,14,100,1.0,9.0,0.0,4.0,1.0,4.0,22,6.0,21,12,16,0.0,Essay 35,Hamilton,Independent Journal,,2245.0
64,10,2.0,19,41,6.0,6,18,6,38,9.0,4,16,12.0,1.0,0.0,0.0,1.0,19,13,3.0,9.0,13,0.0,6.0,6.0,60,0.0,21,29,6.0,2.0,7.0,4.0,1.0,2.0,10,1.0,142,3.0,4,4.0,9,0.0,3.0,2.0,4,6.0,6.0,6.0,32,181,12,0.0,3.0,0.0,17,71,1.0,10.0,2.0,2.0,9.0,4.0,15,3.0,10,6,32,0.0,Essay 77,Hamilton,New York Packet,1788-04-04,1975.0
48,9,1.0,3,54,6.0,13,10,5,38,5.0,8,10,8.0,3.0,0.0,2.0,7.0,8,9,1.0,4.0,8,0.0,2.0,0.0,32,4.0,11,20,5.0,10.0,7.0,2.0,0.0,2.0,13,0.0,116,11.0,5,6.0,5,0.0,0.0,0.0,3,3.0,0.0,6.0,19,142,9,1.0,4.0,1.0,14,41,0.0,0.0,2.0,2.0,2.0,0.0,21,2.0,29,16,4,0.0,Essay 56,Unknown,New York Packet,1788-02-19,1627.0
38,5,0.0,7,45,8.0,7,22,6,49,10.0,11,14,13.0,0.0,0.0,1.0,8.0,23,8,0.0,10.0,11,0.0,2.0,4.0,49,6.0,15,29,24.0,9.0,3.0,12.0,0.0,5.0,8,0.0,111,8.0,5,1.0,20,3.0,0.0,4.0,2,1.0,5.0,3.0,31,162,8,1.0,5.0,2.0,17,75,0.0,13.0,3.0,1.0,6.0,1.0,20,7.0,11,12,22,0.0,Essay 30,Hamilton,New York Packet,1787-12-28,1961.0
35,12,9.0,10,86,5.0,26,20,7,35,14.0,5,42,11.0,1.0,2.0,5.0,4.0,7,12,3.0,17.0,14,3.0,11.0,5.0,62,1.0,43,22,10.0,8.0,9.0,1.0,0.0,15.0,14,0.0,185,20.0,17,2.0,18,0.0,7.0,2.0,4,4.0,2.0,5.0,36,325,1,2.0,3.0,0.0,24,64,0.0,0.0,4.0,7.0,3.0,3.0,22,6.0,4,20,4,0.0,Essay 47,Madison,New York Packet,1788-02-01,2733.0
16,4,2.0,3,90,5.0,11,20,2,26,2.0,10,14,11.0,2.0,0.0,0.0,0.0,12,8,3.0,1.0,9,0.0,2.0,14.0,24,10.0,10,28,9.0,10.0,13.0,0.0,1.0,1.0,17,0.0,70,11.0,13,4.0,24,18.0,6.0,1.0,5,2.0,9.0,9.0,17,84,19,0.0,3.0,0.0,1,50,0.0,0.0,1.0,1.0,7.0,4.0,10,3.0,15,12,17,0.0,Essay 4,Jay,Independent Journal,,1635.0
36,6,0.0,15,41,6.0,2,4,2,30,4.0,10,10,2.0,0.0,0.0,1.0,2.0,4,9,2.0,2.0,5,0.0,0.0,6.0,40,1.0,16,24,3.0,2.0,0.0,1.0,0.0,7.0,16,2.0,89,14.0,4,4.0,11,0.0,5.0,3.0,1,0.0,5.0,1.0,32,148,4,2.0,8.0,1.0,16,46,0.0,2.0,3.0,2.0,2.0,0.0,23,0.0,3,5,23,0.0,Essay 32,Hamilton,Daily Advertiser,1788-01-03,1482.0
71,7,0.0,20,84,16.0,23,26,12,39,17.0,16,15,6.0,1.0,0.0,2.0,3.0,23,18,6.0,9.0,32,0.0,13.0,10.0,94,3.0,55,42,8.0,20.0,18.0,9.0,1.0,9.0,15,2.0,190,15.0,12,4.0,25,1.0,2.0,7.0,13,2.0,8.0,15.0,39,299,21,1.0,15.0,4.0,16,132,0.0,7.0,6.0,7.0,6.0,6.0,30,17.0,12,20,11,0.0,Essay 70,Hamilton,New York Packet,1788-03-14,3287.0
52,6,0.0,12,79,0.0,18,19,6,18,13.0,5,11,2.0,0.0,0.0,1.0,1.0,12,16,5.0,10.0,26,2.0,3.0,5.0,60,7.0,8,11,1.0,3.0,10.0,1.0,0.0,0.0,17,1.0,156,5.0,3,1.0,19,4.0,1.0,2.0,4,3.0,3.0,6.0,24,179,15,0.0,8.0,0.0,11,59,0.0,4.0,10.0,11.0,2.0,0.0,24,8.0,6,14,6,0.0,Essay 6,Hamilton,Independent Journal,,2127.0
9,4,2.0,4,72,3.0,3,3,4,31,0.0,4,10,4.0,0.0,0.0,2.0,0.0,7,11,0.0,0.0,1,7.0,0.0,3.0,28,7.0,7,21,4.0,2.0,11.0,3.0,0.0,2.0,11,0.0,51,5.0,10,4.0,10,7.0,1.0,4.0,3,2.0,3.0,9.0,23,64,11,2.0,0.0,1.0,6,44,0.0,0.0,3.0,6.0,2.0,1.0,10,3.0,6,11,37,3.0,Essay 5,Jay,Independent Journal,,1336.0
56,10,3.0,10,101,3.0,18,29,2,47,24.0,12,30,6.0,1.0,0.0,2.0,4.0,12,20,3.0,10.0,26,1.0,5.0,2.0,62,5.0,30,37,7.0,18.0,7.0,21.0,0.0,5.0,23,0.0,157,19.0,6,10.0,13,6.0,0.0,10.0,8,4.0,4.0,5.0,47,228,23,1.0,2.0,0.0,17,84,0.0,1.0,2.0,3.0,1.0,3.0,44,3.0,10,17,7,0.0,Essay 37,Madison,Daily Advertiser,1788-01-11,2712.0
48,9,4.0,6,62,6.0,19,22,2,51,7.0,11,31,14.0,0.0,0.0,4.0,4.0,21,11,0.0,8.0,7,0.0,3.0,7.0,45,2.0,28,18,2.0,7.0,10.0,2.0,0.0,10.0,20,0.0,126,8.0,7,4.0,12,4.0,1.0,0.0,4,12.0,4.0,7.0,24,192,4,1.0,2.0,0.0,15,72,0.0,0.0,4.0,4.0,4.0,1.0,23,4.0,25,11,6,0.0,Essay 53,Unknown,New York Packet,1788-02-12,2157.0
53,8,0.0,22,49,10.0,6,18,12,54,8.0,11,21,6.0,0.0,0.0,6.0,4.0,21,11,7.0,6.0,16,0.0,6.0,16.0,64,8.0,25,43,4.0,10.0,3.0,4.0,0.0,4.0,24,0.0,146,7.0,5,5.0,12,5.0,2.0,6.0,10,4.0,9.0,5.0,42,199,10,3.0,8.0,2.0,15,94,5.0,6.0,11.0,7.0,3.0,3.0,21,3.0,11,9,16,0.0,Essay 26,Hamilton,Independent Journal,,2376.0
47,12,0.0,15,49,7.0,7,17,11,46,8.0,3,28,3.0,0.0,0.0,4.0,1.0,14,11,7.0,4.0,23,4.0,0.0,12.0,40,2.0,13,16,2.0,2.0,6.0,3.0,0.0,3.0,14,0.0,155,12.0,4,1.0,10,5.0,1.0,7.0,4,7.0,3.0,5.0,26,202,18,0.0,9.0,0.0,22,80,1.0,11.0,7.0,9.0,3.0,1.0,24,2.0,1,12,51,0.0,Essay 7,Hamilton,Independent Journal,,2249.0
44,8,0.0,8,44,7.0,8,14,2,32,11.0,15,14,3.0,2.0,0.0,0.0,4.0,9,9,3.0,3.0,13,0.0,0.0,8.0,33,4.0,26,39,13.0,10.0,1.0,7.0,0.0,0.0,14,0.0,88,5.0,2,5.0,12,1.0,2.0,4.0,3,1.0,4.0,1.0,32,156,5,1.0,2.0,4.0,18,66,1.0,9.0,3.0,4.0,10.0,0.0,22,4.0,9,5,15,0.0,Essay 33,Hamilton,Daily Advertiser,1788-01-03,1685.0
46,8,0.0,9,54,6.0,6,12,7,50,4.0,5,14,4.0,1.0,0.0,6.0,1.0,10,10,5.0,8.0,10,0.0,5.0,13.0,50,1.0,7,23,4.0,4.0,1.0,6.0,0.0,3.0,9,3.0,105,11.0,7,4.0,10,12.0,1.0,6.0,4,4.0,4.0,3.0,31,133,11,0.0,6.0,0.0,18,84,2.0,7.0,7.0,0.0,0.0,1.0,12,1.0,8,5,25,0.0,Essay 24,Hamilton,Independent Journal,,1814.0
32,8,2.0,6,103,8.0,25,39,5,57,4.0,12,30,8.0,2.0,0.0,1.0,3.0,14,12,3.0,5.0,19,0.0,1.0,8.0,53,1.0,17,30,0.0,12.0,4.0,6.0,0.0,4.0,20,1.0,97,14.0,4,10.0,14,9.0,2.0,14.0,12,3.0,13.0,2.0,46,172,21,0.0,6.0,0.0,11,87,0.0,0.0,2.0,0.0,0.0,5.0,14,18.0,25,14,7,0.0,Essay 64,Jay,New York Packet,1788-03-07,2304.0
69,21,0.0,18,74,3.0,22,15,24,44,14.0,8,32,16.0,5.0,1.0,3.0,8.0,17,22,2.0,14.0,30,0.0,1.0,7.0,72,4.0,48,30,8.0,7.0,6.0,9.0,2.0,6.0,18,2.0,193,10.0,1,8.0,38,20.0,1.0,6.0,2,2.0,2.0,10.0,38,249,7,0.0,18.0,2.0,24,116,1.0,10.0,3.0,8.0,3.0,4.0,55,6.0,19,19,13,2.0,Essay 15,Hamilton,Independent Journal,,3060.0
30,12,0.0,9,52,2.0,5,3,7,24,3.0,3,9,4.0,0.0,0.0,0.0,1.0,11,5,3.0,4.0,4,0.0,7.0,2.0,29,3.0,11,16,6.0,4.0,9.0,1.0,1.0,0.0,6,0.0,108,2.0,2,0.0,13,2.0,1.0,2.0,4,1.0,0.0,5.0,21,160,10,0.0,4.0,0.0,11,57,0.0,6.0,6.0,4.0,1.0,1.0,24,2.0,12,10,12,0.0,Essay 17,Hamilton,Independent Journal,,1564.0
23,2,0.0,2,24,8.0,6,5,5,30,5.0,3,4,7.0,1.0,0.0,0.0,2.0,15,7,0.0,8.0,6,0.0,2.0,2.0,35,1.0,11,13,2.0,6.0,5.0,2.0,0.0,4.0,8,0.0,52,5.0,1,3.0,4,2.0,4.0,2.0,1,3.0,5.0,7.0,19,87,12,1.0,3.0,0.0,8,41,0.0,2.0,1.0,0.0,1.0,1.0,12,4.0,7,4,5,0.0,Essay 79,Hamilton,"From McLEAN's Edition, New York",,1018.0
62,14,2.0,12,90,6.0,5,14,6,49,7.0,9,19,19.0,2.0,0.0,3.0,5.0,17,11,1.0,10.0,17,0.0,11.0,12.0,66,7.0,49,27,6.0,10.0,7.0,5.0,0.0,10.0,11,1.0,216,5.0,11,6.0,13,1.0,5.0,6.0,2,1.0,4.0,12.0,41,301,5,0.0,9.0,1.0,30,93,0.0,12.0,6.0,3.0,3.0,3.0,20,5.0,6,19,27,0.0,Essay 69,Hamilton,New York Packet,1788-03-14,2734.0
27,5,0.0,9,82,6.0,17,10,5,14,4.0,2,22,1.0,1.0,0.0,1.0,2.0,6,16,11.0,7.0,11,0.0,17.0,4.0,41,4.0,16,19,13.0,5.0,6.0,2.0,1.0,6.0,4,0.0,122,17.0,9,1.0,9,0.0,2.0,0.0,4,3.0,7.0,3.0,13,203,11,1.0,1.0,0.0,12,57,2.0,0.0,12.0,5.0,1.0,0.0,31,6.0,1,21,4,0.0,Essay 19,Hamilton and Madison,Independent Journal,,2014.0
55,4,0.0,12,52,2.0,7,16,12,41,4.0,5,17,2.0,0.0,0.0,6.0,3.0,14,14,8.0,5.0,7,0.0,35.0,5.0,35,0.0,24,22,7.0,9.0,10.0,7.0,0.0,6.0,13,0.0,118,6.0,4,1.0,16,0.0,1.0,0.0,1,3.0,7.0,7.0,19,176,12,1.0,9.0,0.0,10,98,1.0,5.0,4.0,4.0,5.0,9.0,20,4.0,7,10,25,0.0,Essay 72,Hamilton,New York Packet,1788-03-21,2027.0
63,8,1.0,9,42,12.0,8,11,10,49,15.0,10,27,4.0,2.0,0.0,2.0,4.0,14,13,2.0,14.0,15,0.0,25.0,5.0,62,4.0,28,43,9.0,12.0,10.0,1.0,0.0,5.0,14,1.0,138,5.0,8,3.0,24,2.0,6.0,7.0,5,2.0,2.0,14.0,40,203,8,0.0,5.0,2.0,26,82,0.0,13.0,2.0,3.0,2.0,3.0,20,8.0,19,15,29,0.0,Essay 73,Hamilton,New York Packet,1788-03-21,2341.0
86,12,0.0,22,85,15.0,13,44,7,84,21.0,19,32,10.0,1.0,0.0,3.0,10.0,21,20,4.0,11.0,22,0.0,0.0,6.0,130,2.0,58,64,10.0,25.0,4.0,3.0,1.0,8.0,30,6.0,240,16.0,10,6.0,19,4.0,7.0,8.0,5,6.0,13.0,6.0,47,375,11,1.0,19.0,3.0,42,156,1.0,13.0,2.0,2.0,2.0,2.0,40,5.0,28,13,21,0.0,Essay 81,Hamilton,McLEAN's Edition,,3776.0
135,28,2.0,20,119,16.0,40,54,19,105,35.0,23,79,13.0,4.0,0.0,4.0,12.0,39,22,5.0,21.0,54,5.0,1.0,24.0,207,1.0,111,99,20.0,16.0,23.0,15.0,6.0,20.0,42,6.0,324,18.0,18,9.0,26,6.0,5.0,9.0,7,8.0,10.0,16.0,115,474,16,1.0,22.0,7.0,59,213,0.0,20.0,4.0,2.0,2.0,1.0,76,10.0,24,29,48,0.0,Essay 83,Hamilton,McLEAN's Edition,,5705.0
20,8,2.0,7,63,4.0,7,23,4,52,6.0,4,11,3.0,0.0,0.0,2.0,5.0,12,8,4.0,4.0,17,0.0,1.0,7.0,40,3.0,23,19,6.0,9.0,14.0,6.0,1.0,6.0,13,0.0,141,10.0,4,1.0,8,4.0,0.0,3.0,1,1.0,2.0,9.0,30,276,7,2.0,3.0,0.0,5,65,0.0,0.0,4.0,6.0,1.0,0.0,17,1.0,32,15,11,0.0,Essay 45,Madison,Independent Journal,,2117.0
22,7,0.0,10,41,1.0,11,15,2,36,1.0,4,4,6.0,1.0,1.0,1.0,4.0,4,14,0.0,0.0,7,0.0,0.0,2.0,38,1.0,16,13,4.0,14.0,1.0,2.0,0.0,3.0,14,1.0,92,0.0,9,5.0,13,1.0,10.0,5.0,1,1.0,6.0,3.0,19,166,6,2.0,0.0,2.0,14,82,0.0,4.0,1.0,1.0,2.0,1.0,18,0.0,7,6,11,0.0,Essay 82,Hamilton,McLEAN's Edition,,1530.0
52,7,1.0,12,36,2.0,7,17,2,28,10.0,5,16,1.0,1.0,0.0,0.0,1.0,7,10,1.0,7.0,16,0.0,8.0,3.0,44,2.0,17,27,7.0,5.0,4.0,3.0,1.0,2.0,13,2.0,147,5.0,5,4.0,9,2.0,6.0,0.0,6,2.0,2.0,8.0,35,206,2,1.0,3.0,0.0,14,90,0.0,5.0,2.0,0.0,0.0,4.0,17,2.0,6,15,27,0.0,Essay 75,Hamilton,Independent Journal,,1935.0
35,2,1.0,5,25,5.0,9,18,12,37,9.0,3,5,7.0,1.0,0.0,0.0,1.0,17,8,3.0,0.0,12,0.0,1.0,7.0,47,3.0,10,25,3.0,11.0,4.0,2.0,1.0,5.0,9,1.0,98,6.0,3,4.0,8,0.0,2.0,7.0,2,2.0,0.0,12.0,32,149,5,1.0,5.0,0.0,14,60,0.0,3.0,4.0,0.0,2.0,2.0,12,4.0,7,7,17,0.0,Essay 61,Hamilton,New York Packet,1788-02-26,1514.0
45,11,0.0,16,77,10.0,19,35,4,82,14.0,11,21,20.0,1.0,0.0,5.0,4.0,16,22,4.0,9.0,28,0.0,0.0,10.0,68,4.0,35,39,19.0,15.0,15.0,10.0,2.0,6.0,19,2.0,190,6.0,6,3.0,28,3.0,3.0,5.0,2,1.0,7.0,6.0,44,264,15,1.0,19.0,1.0,24,129,0.0,7.0,0.0,2.0,5.0,4.0,31,4.0,32,15,6,0.0,Essay 36,Hamilton,New York Packet,1788-01-08,2946.0
28,7,2.0,5,54,0.0,13,12,8,7,1.0,5,19,2.0,0.0,0.0,1.0,1.0,18,18,3.0,10.0,10,3.0,12.0,1.0,39,3.0,15,12,2.0,2.0,2.0,3.0,1.0,2.0,5,2.0,79,7.0,4,2.0,8,2.0,0.0,0.0,2,4.0,3.0,5.0,9,135,20,1.0,0.0,2.0,8,41,0.0,1.0,7.0,0.0,1.0,3.0,13,3.0,4,8,1,0.0,Essay 20,Hamilton and Madison,New York Packet,1787-12-11,1503.0
37,9,0.0,13,42,11.0,3,19,11,55,7.0,6,13,1.0,2.0,1.0,5.0,1.0,9,11,5.0,7.0,12,0.0,0.0,14.0,39,3.0,14,37,17.0,5.0,6.0,9.0,0.0,6.0,20,1.0,141,4.0,2,3.0,17,2.0,1.0,6.0,3,3.0,4.0,4.0,16,191,12,0.0,4.0,0.0,18,88,0.0,6.0,0.0,7.0,2.0,4.0,22,5.0,5,13,36,0.0,Essay 16,Hamilton,New York Packet,1787-12-04,2027.0
44,8,1.0,13,52,1.0,14,16,10,32,13.0,10,11,3.0,0.0,0.0,2.0,3.0,9,9,3.0,6.0,17,2.0,0.0,7.0,39,5.0,20,20,9.0,8.0,8.0,3.0,0.0,4.0,14,1.0,132,9.0,5,1.0,17,5.0,0.0,5.0,5,2.0,5.0,2.0,16,155,16,0.0,2.0,0.0,16,78,3.0,3.0,1.0,0.0,0.0,0.0,24,0.0,9,13,27,0.0,Essay 8,Hamilton,New York Packet,1787-11-20,1987.0
44,4,1.0,11,37,3.0,8,18,6,65,12.0,5,16,5.0,0.0,1.0,0.0,3.0,16,12,3.0,1.0,17,0.0,12.0,3.0,51,3.0,17,33,4.0,7.0,7.0,2.0,0.0,3.0,18,0.0,129,5.0,6,1.0,18,0.0,0.0,3.0,5,4.0,4.0,5.0,24,218,5,0.0,5.0,1.0,18,84,0.0,10.0,2.0,1.0,2.0,1.0,24,12.0,29,12,25,0.0,Essay 65,Hamilton,New York Packet,1788-03-07,2012.0
50,9,0.0,16,96,11.0,9,22,3,48,19.0,11,31,4.0,1.0,0.0,1.0,7.0,22,10,4.0,13.0,20,0.0,1.0,4.0,62,8.0,39,29,9.0,17.0,1.0,4.0,0.0,8.0,23,0.0,182,22.0,7,7.0,15,2.0,9.0,0.0,8,1.0,8.0,4.0,32,260,12,1.0,3.0,0.0,18,92,0.0,2.0,3.0,4.0,3.0,2.0,27,4.0,6,16,15,0.0,Essay 42,Madison,New York Packet,1788-01-22,2775.0
45,2,1.0,9,38,7.0,5,16,8,38,5.0,6,15,3.0,1.0,2.0,1.0,3.0,10,15,4.0,5.0,9,0.0,19.0,9.0,37,0.0,13,29,3.0,10.0,6.0,4.0,0.0,1.0,8,0.0,95,7.0,8,2.0,17,0.0,1.0,6.0,5,2.0,5.0,5.0,22,173,14,1.0,3.0,1.0,7,75,0.0,3.0,3.0,3.0,5.0,2.0,18,7.0,7,13,16,0.0,Essay 71,Hamilton,New York Packet,1788-03-18,1697.0
30,4,0.0,5,33,8.0,10,11,4,33,5.0,5,14,13.0,0.0,1.0,0.0,0.0,7,5,0.0,2.0,5,0.0,3.0,5.0,28,3.0,14,21,14.0,4.0,8.0,2.0,0.0,3.0,4,0.0,90,4.0,2,4.0,14,0.0,0.0,2.0,2,1.0,3.0,7.0,37,144,6,0.0,8.0,2.0,8,60,0.0,4.0,1.0,0.0,2.0,1.0,18,1.0,31,6,3,0.0,Essay 27,Hamilton,New York Packet,1787-12-25,1416.0
50,4,0.0,14,59,6.0,10,26,11,50,6.0,7,10,12.0,3.0,0.0,5.0,0.0,17,13,2.0,5.0,7,0.0,2.0,15.0,41,4.0,31,42,6.0,7.0,2.0,1.0,1.0,5.0,10,0.0,152,3.0,4,4.0,17,6.0,3.0,8.0,8,1.0,4.0,2.0,30,220,14,0.0,13.0,2.0,14,111,0.0,10.0,4.0,6.0,6.0,2.0,16,9.0,11,12,19,0.0,Essay 29,Hamilton,Daily Advertiser,1788-01-10,2219.0
47,8,1.0,13,45,4.0,14,19,10,26,15.0,6,13,1.0,0.0,0.0,1.0,2.0,10,7,5.0,12.0,24,0.0,4.0,7.0,37,5.0,16,24,5.0,5.0,6.0,1.0,0.0,2.0,13,2.0,152,9.0,12,3.0,11,0.0,4.0,5.0,5,2.0,5.0,1.0,25,168,14,1.0,3.0,2.0,15,70,0.0,4.0,2.0,11.0,0.0,1.0,25,3.0,7,14,8,0.0,Essay 9,Hamilton,Independent Journal,,1972.0
48,8,1.0,12,41,7.0,4,20,1,39,10.0,7,13,5.0,1.0,0.0,3.0,3.0,15,11,2.0,11.0,13,0.0,0.0,16.0,68,2.0,27,35,4.0,8.0,12.0,5.0,1.0,5.0,24,0.0,162,7.0,4,3.0,12,2.0,1.0,5.0,7,2.0,6.0,7.0,35,244,14,1.0,5.0,2.0,21,83,0.0,11.0,2.0,3.0,4.0,1.0,15,8.0,23,23,10,0.0,Essay 66,Hamilton,New York Packet,1788-03-11,2221.0
30,9,2.0,9,30,8.0,4,17,6,36,5.0,9,12,2.0,1.0,0.0,1.0,2.0,16,11,0.0,6.0,14,0.0,6.0,4.0,40,0.0,19,20,3.0,5.0,2.0,1.0,0.0,3.0,12,0.0,86,3.0,7,2.0,6,1.0,4.0,5.0,6,1.0,3.0,6.0,20,140,12,0.0,1.0,0.0,13,75,0.0,2.0,11.0,2.0,1.0,1.0,15,13.0,13,8,7,0.0,Essay 68,Hamilton,New York Packet,1788-03-14,1489.0
37,7,1.0,6,54,5.0,26,24,6,43,4.0,8,25,11.0,0.0,0.0,0.0,13.0,19,11,1.0,4.0,11,5.0,4.0,6.0,40,2.0,34,26,3.0,4.0,9.0,4.0,0.0,4.0,19,1.0,149,19.0,10,3.0,22,2.0,3.0,0.0,7,5.0,3.0,10.0,31,214,23,1.0,4.0,1.0,13,73,0.0,0.0,4.0,2.0,5.0,3.0,30,8.0,24,3,6,0.0,Essay 57,Unknown,New York Packet,1788-02-19,2204.0
37,8,0.0,5,79,2.0,2,14,4,6,4.0,6,33,0.0,0.0,0.0,1.0,0.0,6,10,23.0,0.0,5,5.0,8.0,0.0,41,5.0,10,26,9.0,0.0,9.0,0.0,0.0,2.0,6,3.0,132,15.0,6,3.0,4,0.0,0.0,1.0,2,2.0,5.0,7.0,21,235,23,2.0,3.0,0.0,16,53,2.0,1.0,28.0,16.0,0.0,5.0,12,11.0,1,12,6,0.0,Essay 18,Hamilton and Madison,Independent Journal,,2083.0
68,13,2.0,19,72,12.0,13,20,6,33,17.0,7,11,13.0,1.0,0.0,0.0,9.0,11,9,2.0,15.0,23,0.0,7.0,4.0,73,2.0,38,40,6.0,14.0,5.0,15.0,7.0,14.0,23,3.0,167,17.0,8,1.0,12,5.0,3.0,4.0,5,2.0,5.0,5.0,34,240,7,2.0,10.0,2.0,13,113,1.0,12.0,0.0,2.0,3.0,1.0,42,10.0,16,8,6,4.0,Essay 85,Hamilton,McLEAN's Edition,,2656.0
93,13,3.0,12,79,8.0,15,39,7,78,14.0,12,47,13.0,2.0,0.0,3.0,9.0,28,6,3.0,11.0,21,1.0,0.0,6.0,55,7.0,34,57,15.0,25.0,8.0,8.0,0.0,14.0,30,1.0,221,33.0,13,6.0,21,1.0,7.0,12.0,6,2.0,12.0,10.0,50,354,10,0.0,2.0,0.0,22,111,0.0,0.0,8.0,1.0,7.0,3.0,34,5.0,19,17,12,0.0,Essay 43,Madison,Independent Journal,,3421.0
58,7,1.0,16,74,9.0,13,30,3,66,9.0,16,25,20.0,3.0,1.0,2.0,7.0,15,27,3.0,6.0,19,0.0,2.0,10.0,68,2.0,48,54,13.0,16.0,4.0,14.0,0.0,18.0,20,3.0,180,10.0,7,7.0,19,2.0,3.0,5.0,7,3.0,7.0,10.0,68,306,32,2.0,12.0,4.0,26,126,0.0,9.0,2.0,1.0,2.0,1.0,33,5.0,14,12,19,0.0,Essay 78,Hamilton,McLEAN's Edition,,3009.0
48,5,1.0,4,48,8.0,13,12,17,52,6.0,5,14,12.0,2.0,0.0,1.0,12.0,17,12,3.0,5.0,6,1.0,0.0,5.0,30,0.0,25,17,0.0,11.0,11.0,6.0,1.0,4.0,18,2.0,120,9.0,9,1.0,20,7.0,1.0,1.0,7,1.0,2.0,15.0,32,180,16,2.0,5.0,0.0,12,77,1.0,0.0,2.0,6.0,3.0,1.0,29,3.0,20,11,10,0.0,Essay 55,Unknown,New York Packet,1788-02-15,2031.0
96,12,1.0,19,80,7.0,17,24,12,53,16.0,15,30,5.0,1.0,0.0,5.0,8.0,21,23,3.0,20.0,14,1.0,6.0,9.0,86,4.0,48,46,18.0,20.0,6.0,9.0,1.0,6.0,24,1.0,236,8.0,9,1.0,21,12.0,2.0,8.0,9,4.0,9.0,10.0,53,288,23,1.0,14.0,0.0,30,143,1.0,13.0,6.0,9.0,4.0,3.0,36,3.0,10,20,20,0.0,Essay 22,Hamilton,New York Packet,1787-12-14,3466.0
24,10,0.0,11,56,9.0,18,22,3,45,6.0,3,11,14.0,0.0,0.0,0.0,4.0,17,6,1.0,5.0,11,0.0,0.0,6.0,26,2.0,23,23,12.0,7.0,2.0,9.0,0.0,2.0,14,1.0,98,2.0,3,0.0,8,7.0,2.0,2.0,1,1.0,7.0,0.0,28,185,8,0.0,4.0,2.0,14,96,0.0,7.0,4.0,1.0,0.0,0.0,31,3.0,15,16,4,0.0,Essay 23,Hamilton,New York Packet,1787-12-17,1796.0
49,3,1.0,24,34,11.0,6,16,8,44,15.0,9,17,7.0,1.0,0.0,1.0,8.0,13,12,2.0,6.0,22,0.0,0.0,6.0,62,5.0,17,33,15.0,17.0,9.0,2.0,0.0,8.0,14,0.0,110,6.0,4,2.0,7,0.0,2.0,1.0,4,4.0,4.0,7.0,29,175,10,0.0,7.0,2.0,18,72,0.0,3.0,1.0,2.0,0.0,2.0,18,5.0,21,10,16,0.0,Essay 59,Hamilton,New York Packet,1788-02-22,1900.0
44,7,1.0,7,46,4.0,14,24,11,52,6.0,4,22,4.0,1.0,0.0,3.0,1.0,11,12,4.0,5.0,11,3.0,0.0,5.0,40,1.0,17,26,9.0,4.0,2.0,5.0,0.0,2.0,9,0.0,124,11.0,2,2.0,15,10.0,6.0,6.0,1,5.0,4.0,4.0,31,173,11,2.0,2.0,0.0,20,89,5.0,2.0,4.0,1.0,2.0,3.0,15,2.0,10,8,21,0.0,Essay 25,Hamilton,New York Packet,1787-12-21,1981.0
81,17,1.0,20,88,6.0,15,33,5,74,20.0,14,32,16.0,2.0,1.0,4.0,14.0,35,22,7.0,18.0,26,14.0,3.0,13.0,63,7.0,38,52,15.0,23.0,12.0,15.0,0.0,9.0,25,4.0,202,27.0,8,6.0,21,6.0,4.0,1.0,9,2.0,6.0,13.0,42,334,13,2.0,1.0,0.0,28,118,0.0,0.0,3.0,6.0,4.0,1.0,36,8.0,25,16,9,0.0,Essay 41,Madison,Independent Journal,,3545.0
30,4,2.0,1,83,1.0,6,16,10,15,8.0,8,10,0.0,0.0,0.0,0.0,2.0,13,4,4.0,6.0,17,0.0,0.0,3.0,34,6.0,16,38,5.0,4.0,5.0,4.0,2.0,1.0,10,3.0,81,8.0,10,5.0,10,4.0,1.0,4.0,5,4.0,2.0,5.0,44,105,21,1.0,0.0,0.0,14,52,0.0,1.0,8.0,7.0,2.0,4.0,11,8.0,2,13,5,0.0,Essay 2,Jay,Independent Journal,,1659.0
33,15,0.0,13,35,2.0,6,10,7,40,4.0,4,7,14.0,1.0,0.0,2.0,0.0,15,6,3.0,5.0,11,3.0,0.0,10.0,40,1.0,14,18,8.0,7.0,9.0,7.0,0.0,6.0,10,0.0,95,1.0,4,2.0,8,2.0,0.0,9.0,1,0.0,2.0,3.0,20,164,13,2.0,7.0,0.0,7,65,0.0,3.0,1.0,2.0,2.0,2.0,14,4.0,12,9,12,0.0,Essay 28,Hamilton,Independent Journal,,1588.0
92,8,3.0,18,94,9.0,19,29,6,51,15.0,20,37,11.0,3.0,0.0,2.0,3.0,21,21,6.0,12.0,21,7.0,18.0,6.0,62,7.0,57,49,6.0,9.0,10.0,4.0,0.0,17.0,34,2.0,188,15.0,13,2.0,17,3.0,3.0,10.0,7,10.0,12.0,11.0,56,269,25,2.0,3.0,1.0,24,116,0.0,4.0,12.0,10.0,1.0,2.0,26,14.0,12,22,15,0.0,Essay 38,Madison,New York Packet,1788-01-15,3313.0
33,6,1.0,11,42,3.0,15,15,2,47,3.0,8,15,4.0,3.0,0.0,1.0,5.0,11,5,4.0,2.0,5,0.0,3.0,3.0,34,1.0,18,26,8.0,4.0,3.0,3.0,0.0,4.0,13,0.0,99,16.0,4,4.0,10,2.0,2.0,2.0,4,2.0,3.0,1.0,21,176,14,0.0,2.0,3.0,5,57,0.0,0.0,1.0,2.0,0.0,2.0,20,5.0,1,11,22,0.0,Essay 49,Unknown,New York Packet,1788-02-05,1640.0
69,13,1.0,15,70,4.0,9,21,11,44,3.0,8,20,5.0,2.0,0.0,3.0,3.0,18,19,1.0,8.0,15,13.0,1.0,6.0,66,4.0,9,21,6.0,9.0,9.0,2.0,0.0,5.0,20,1.0,178,5.0,5,5.0,12,35.0,3.0,3.0,5,2.0,6.0,6.0,25,186,11,2.0,8.0,0.0,24,83,0.0,6.0,0.0,2.0,3.0,4.0,25,5.0,17,22,50,0.0,Essay 11,Hamilton,Independent Journal,,2492.0
46,12,1.0,5,40,1.0,9,28,3,63,2.0,9,23,4.0,0.0,1.0,2.0,3.0,13,7,1.0,2.0,3,0.0,0.0,7.0,50,5.0,20,32,4.0,17.0,5.0,11.0,0.0,4.0,10,0.0,111,21.0,4,3.0,7,0.0,1.0,9.0,5,6.0,6.0,3.0,25,200,7,2.0,4.0,0.0,13,49,0.0,0.0,1.0,4.0,2.0,0.0,14,1.0,23,6,9,0.0,Essay 51,Unknown,New York Packet,1788-02-08,1909.0
53,11,3.0,12,99,2.0,13,33,7,54,20.0,7,55,4.0,5.0,0.0,5.0,8.0,23,16,17.0,10.0,26,0.0,3.0,8.0,68,7.0,29,35,4.0,7.0,4.0,4.0,0.0,9.0,20,2.0,171,13.0,9,5.0,10,1.0,6.0,12.0,13,7.0,13.0,5.0,63,292,35,4.0,4.0,0.0,18,119,0.0,0.0,12.0,19.0,5.0,3.0,31,9.0,7,15,6,0.0,Essay 40,Madison,New York Packet,1788-01-18,3005.0
14,5,1.0,3,33,5.0,4,11,9,31,13.0,1,11,1.0,1.0,0.0,2.0,2.0,6,8,9.0,1.0,12,0.0,0.0,4.0,28,2.0,6,16,3.0,4.0,0.0,1.0,0.0,0.0,11,0.0,58,11.0,4,0.0,8,0.0,0.0,1.0,1,5.0,1.0,0.0,12,99,13,0.0,0.0,0.0,7,27,0.0,1.0,4.0,1.0,0.0,2.0,9,3.0,7,5,11,0.0,Essay 50,Unknown,New York Packet,1788-02-05,1098.0
25,9,0.0,11,40,6.0,12,10,8,34,3.0,2,14,4.0,1.0,0.0,2.0,3.0,12,11,1.0,6.0,10,0.0,0.0,4.0,26,2.0,12,20,10.0,11.0,7.0,3.0,8.0,3.0,15,0.0,103,9.0,4,0.0,6,3.0,7.0,1.0,3,0.0,1.0,11.0,28,127,13,0.0,2.0,1.0,14,70,0.0,6.0,0.0,1.0,0.0,1.0,18,8.0,25,6,2,10.0,Essay 1,Hamilton,Independent Journal,,1581.0
26,3,1.0,3,18,3.0,4,8,1,25,2.0,2,5,4.0,1.0,0.0,1.0,3.0,2,5,0.0,2.0,4,10.0,0.0,6.0,14,7.0,9,6,2.0,8.0,6.0,3.0,0.0,4.0,5,0.0,56,3.0,9,0.0,3,0.0,3.0,0.0,3,0.0,1.0,10.0,18,72,1,0.0,9.0,0.0,5,42,1.0,2.0,0.0,0.0,0.0,4.0,11,3.0,9,10,14,0.0,Essay 13,Hamilton,Independent Journal,,958.0
27,1,2.0,7,23,3.0,3,10,2,24,2.0,2,2,0.0,0.0,0.0,1.0,2.0,9,3,3.0,2.0,5,0.0,1.0,3.0,24,2.0,11,14,3.0,7.0,1.0,0.0,0.0,0.0,4,0.0,81,4.0,3,1.0,12,0.0,1.0,2.0,3,0.0,3.0,2.0,13,102,2,0.0,4.0,0.0,8,35,0.0,3.0,1.0,2.0,0.0,6.0,11,0.0,1,4,9,0.0,Essay 74,Hamilton,New York Packet,1788-03-25,991.0
48,4,1.0,13,48,5.0,3,15,4,58,8.0,6,20,4.0,1.0,1.0,2.0,4.0,9,10,2.0,5.0,16,0.0,16.0,2.0,50,0.0,20,26,6.0,7.0,5.0,5.0,0.0,5.0,17,0.0,114,4.0,8,3.0,23,1.0,7.0,1.0,2,4.0,5.0,7.0,34,167,7,1.0,6.0,0.0,14,82,1.0,8.0,2.0,2.0,2.0,3.0,16,12.0,20,7,23,0.0,Essay 76,Hamilton,New York Packet,1788-04-01,1926.0
35,12,1.0,12,51,1.0,6,18,4,31,12.0,7,28,4.0,0.0,0.0,0.0,3.0,16,12,10.0,6.0,10,0.0,3.0,2.0,45,3.0,29,24,9.0,6.0,8.0,1.0,0.0,6.0,13,0.0,98,16.0,8,1.0,11,3.0,3.0,6.0,5,7.0,0.0,4.0,27,167,14,0.0,2.0,0.0,14,53,1.0,0.0,5.0,4.0,2.0,0.0,28,5.0,11,8,3,0.0,Essay 48,Madison,New York Packet,1788-02-01,1847.0
45,6,0.0,13,48,8.0,19,20,6,42,12.0,9,4,10.0,0.0,1.0,2.0,2.0,26,12,2.0,6.0,16,0.0,0.0,12.0,55,2.0,16,23,11.0,6.0,4.0,4.0,1.0,8.0,18,1.0,135,11.0,8,3.0,12,6.0,3.0,6.0,3,4.0,3.0,3.0,43,184,10,1.0,9.0,1.0,14,106,2.0,10.0,2.0,1.0,5.0,3.0,27,4.0,16,12,20,0.0,Essay 34,Hamilton,New York Packet,1788-01-04,2211.0
58,10,3.0,18,68,8.0,12,30,12,60,11.0,13,51,18.0,1.0,0.0,4.0,6.0,26,16,7.0,5.0,21,2.0,0.0,8.0,68,6.0,36,40,17.0,18.0,4.0,12.0,0.0,6.0,30,1.0,174,20.0,9,11.0,16,2.0,1.0,2.0,6,12.0,10.0,8.0,50,288,16,2.0,8.0,0.0,17,87,2.0,0.0,9.0,5.0,3.0,3.0,36,3.0,19,16,11,0.0,Essay 63,Unknown,Independent Journal,,3029.0
75,11,1.0,13,69,6.0,15,16,5,61,4.0,12,28,11.0,0.0,0.0,1.0,11.0,16,21,0.0,3.0,7,4.0,9.0,5.0,50,6.0,37,31,3.0,17.0,13.0,11.0,0.0,9.0,19,2.0,143,19.0,6,2.0,12,4.0,0.0,2.0,9,5.0,5.0,7.0,35,190,13,2.0,0.0,0.0,17,79,0.0,0.0,0.0,0.0,7.0,2.0,32,5.0,17,13,5,0.0,Essay 62,Unknown,Independent Journal,,2376.0
53,10,0.0,12,36,12.0,12,22,9,67,2.0,9,21,6.0,0.0,0.0,0.0,2.0,13,12,0.0,3.0,8,0.0,0.0,6.0,79,5.0,28,42,11.0,10.0,4.0,6.0,0.0,4.0,15,1.0,143,6.0,6,1.0,19,0.0,2.0,5.0,6,3.0,4.0,7.0,46,221,14,1.0,8.0,0.0,16,86,0.0,8.0,0.0,2.0,6.0,0.0,16,7.0,21,7,28,0.0,Essay 60,Hamilton,New York Packet,1788-02-26,2229.0
43,20,2.0,10,88,15.0,13,28,4,54,19.0,8,28,7.0,2.0,0.0,1.0,13.0,20,9,10.0,7.0,33,0.0,2.0,8.0,66,11.0,28,19,6.0,6.0,9.0,6.0,0.0,18.0,16,2.0,169,28.0,5,4.0,37,1.0,15.0,4.0,6,5.0,7.0,8.0,28,313,9,0.0,4.0,4.0,25,80,0.0,0.0,4.0,2.0,2.0,0.0,30,2.0,10,18,29,0.0,Essay 44,Madison,New York Packet,1788-01-25,2892.0
78,4,0.0,14,121,4.0,27,20,8,61,9.0,11,39,6.0,0.0,0.0,0.0,3.0,18,12,1.0,4.0,16,0.0,8.0,6.0,63,9.0,42,47,9.0,16.0,12.0,10.0,0.0,5.0,16,0.0,155,18.0,8,2.0,22,8.0,2.0,0.0,4,3.0,8.0,13.0,31,259,21,2.0,6.0,0.0,11,99,1.0,0.0,2.0,0.0,5.0,2.0,39,9.0,30,11,6,0.0,Essay 10,Madison,New York Packet,1787-11-27,2995.0
47,7,1.0,11,62,7.0,15,19,13,39,8.0,8,15,6.0,0.0,0.0,2.0,4.0,8,19,3.0,13.0,13,1.0,2.0,6.0,54,7.0,22,26,8.0,3.0,5.0,16.0,0.0,2.0,10,1.0,139,12.0,5,0.0,7,5.0,1.0,4.0,6,2.0,3.0,4.0,27,175,14,0.0,9.0,0.0,17,80,0.0,7.0,0.0,0.0,2.0,0.0,23,1.0,11,18,22,0.0,Essay 12,Hamilton,New York Packet,1787-11-27,2142.0
37,6,1.0,9,60,3.0,7,24,7,45,9.0,4,18,10.0,0.0,0.0,2.0,1.0,20,11,3.0,8.0,17,3.0,0.0,6.0,40,2.0,25,31,8.0,16.0,8.0,2.0,2.0,10.0,14,2.0,122,17.0,2,4.0,11,12.0,0.0,2.0,6,7.0,2.0,5.0,33,200,19,0.0,0.0,0.0,13,71,0.0,0.0,3.0,3.0,2.0,0.0,40,1.0,26,7,5,5.0,Essay 14,Madison,New York Packet,1787-11-30,2125.0
13,4,3.0,3,60,5.0,8,24,1,31,2.0,7,18,4.0,1.0,0.0,1.0,0.0,11,15,0.0,5.0,7,0.0,2.0,7.0,25,0.0,7,21,1.0,6.0,13.0,0.0,0.0,2.0,14,0.0,60,6.0,8,4.0,32,0.0,0.0,4.0,4,2.0,5.0,8.0,20,91,11,1.0,1.0,0.0,6,55,0.0,0.0,0.0,1.0,0.0,1.0,11,3.0,24,10,2,0.0,Essay 3,Jay,Independent Journal,,1439.0
38,19,1.0,8,68,7.0,21,20,3,48,14.0,4,13,7.0,1.0,2.0,3.0,2.0,12,7,1.0,6.0,19,0.0,2.0,5.0,47,1.0,23,31,10.0,14.0,2.0,1.0,0.0,7.0,17,1.0,167,9.0,5,2.0,22,1.0,5.0,4.0,5,8.0,6.0,4.0,25,253,6,1.0,7.0,0.0,14,113,1.0,6.0,3.0,2.0,6.0,0.0,44,0.0,16,11,10,0.0,Essay 80,Hamilton,"From McLEAN's Edition, New York",,2447.0
68,14,4.0,14,85,30.0,32,31,10,82,17.0,18,28,14.0,4.0,0.0,4.0,6.0,27,20,1.0,17.0,26,0.0,4.0,7.0,86,2.0,64,55,7.0,22.0,7.0,11.0,1.0,26.0,30,8.0,276,20.0,5,9.0,21,5.0,22.0,1.0,5,1.0,12.0,14.0,72,364,29,1.0,16.0,7.0,36,130,1.0,11.0,7.0,7.0,10.0,5.0,50,8.0,36,14,15,0.0,Essay 84,Hamilton,McLEAN's Edition,,3912.0
42,5,1.0,9,73,6.0,13,21,6,72,5.0,13,21,7.0,1.0,0.0,2.0,6.0,11,10,3.0,4.0,15,0.0,0.0,5.0,46,4.0,7,32,6.0,13.0,11.0,9.0,0.0,4.0,20,1.0,160,32.0,9,6.0,14,0.0,0.0,9.0,2,1.0,6.0,11.0,39,301,29,0.0,0.0,0.0,9,85,1.0,0.0,12.0,3.0,5.0,0.0,23,6.0,40,18,29,0.0,Essay 46,Madison,New York Packet,1788-01-29,2606.0
53,13,1.0,6,64,4.0,20,33,7,52,8.0,14,33,2.0,0.0,0.0,1.0,6.0,14,23,0.0,9.0,3,0.0,1.0,5.0,73,3.0,57,44,20.0,6.0,6.0,5.0,0.0,7.0,23,2.0,155,25.0,13,6.0,14,2.0,0.0,1.0,8,3.0,4.0,8.0,28,298,16,3.0,0.0,0.0,21,90,0.0,0.0,2.0,6.0,2.0,1.0,27,0.0,15,12,8,0.0,Essay 39,Madison,Independent Journal,,2603.0
24,9,0.0,12,44,5.0,18,20,5,36,5.0,8,9,6.0,1.0,0.0,2.0,5.0,6,10,0.0,1.0,11,0.0,0.0,3.0,49,5.0,23,27,8.0,10.0,1.0,8.0,0.0,3.0,16,0.0,103,5.0,2,3.0,13,2.0,0.0,6.0,7,3.0,4.0,6.0,30,160,10,0.0,6.0,2.0,13,81,1.0,13.0,0.0,0.0,4.0,1.0,20,2.0,6,11,5,0.0,Essay 31,Hamilton,New York Packet,1788-01-01,1730.0
