STATE,STATENAME,POPULATION
1,Alabama,5157699
2,Alaska,740133
4,Arizona,7582384
5,Arkansas,3088354
6,California,39431263
8,Colorado,5957493
9,Connecticut,3675069
10,Delaware,1051917
11,District of Columbia,702250
12,Florida,23372215
13,Georgia,11180878
15,Hawaii,1446146
16,Idaho,2001619
17,Illinois,12710158
18,Indiana,6924275
19,Iowa,3241488
20,Kansas,2970606
21,Kentucky,4588372
22,Louisiana,4597740
23,Maine,1405012
24,Maryland,6263220
25,Massachusetts,7136171
26,Michigan,10140459
27,Minnesota,5793151
28,Mississippi,2943045
29,Missouri,6245466
30,Montana,1137233
31,Nebraska,2005465
32,Nevada,3267467
33,New Hampshire,1409032
34,New Jersey,9500851
35,New Mexico,2130256
36,New York,19867248
37,North Carolina,11046024
38,North Dakota,796568
39,Ohio,11883304
40,Oklahoma,4095393
41,Oregon,4272371
42,Pennsylvania,13078751
44,Rhode Island,1112308
45,South Carolina,5478831
46,South Dakota,924669
47,Tennessee,7227750
48,Texas,31290831
49,Utah,3503613
50,Vermont,648493
51,Virginia,8811195
53,Washington,7958180
54,West Virginia,1769979
55,Wisconsin,5960975
56,Wyoming,587618
